{
  "width": 614,
  "height": 472,
  "cx": [
    [ "A_PLAYLIST", 53 ],
    [ "UTILISATEUR", 205 ],
    [ "FOLLOW", 369 ],
    [ "PLAYLIST", 53 ],
    [ "ENREGISTRE_ALBUMS", 205 ],
    [ "A_CREE_ALBUM", 369 ],
    [ "ARTISTE", 509 ],
    [ "A_LIKE", 53 ],
    [ "ALBUMS", 205 ],
    [ "EST_INCLU", 369 ],
    [ "A_CREE_MUSIQUE", 509 ],
    [ "ENREGISTRE_MUSIQUE", 205 ],
    [ "MUSIQUE", 509 ]
  ],
  "cy": [
    [ "A_PLAYLIST", 68 ],
    [ "UTILISATEUR", 68 ],
    [ "FOLLOW", 68 ],
    [ "PLAYLIST", 177 ],
    [ "ENREGISTRE_ALBUMS", 177 ],
    [ "A_CREE_ALBUM", 177 ],
    [ "ARTISTE", 177 ],
    [ "A_LIKE", 295 ],
    [ "ALBUMS", 295 ],
    [ "EST_INCLU", 295 ],
    [ "A_CREE_MUSIQUE", 295 ],
    [ "ENREGISTRE_MUSIQUE", 404 ],
    [ "MUSIQUE", 404 ]
  ],
  "shift": [
    [ "A_PLAYLIST,UTILISATEUR,0", 0 ],
    [ "A_PLAYLIST,PLAYLIST,0", 0 ],
    [ "FOLLOW,ARTISTE,0", 0 ],
    [ "FOLLOW,UTILISATEUR,0", 0 ],
    [ "ENREGISTRE_ALBUMS,UTILISATEUR,0", 0 ],
    [ "ENREGISTRE_ALBUMS,ALBUMS,0", 0 ],
    [ "A_CREE_ALBUM,ARTISTE,0", 0 ],
    [ "A_CREE_ALBUM,ALBUMS,0", 0 ],
    [ "A_LIKE,UTILISATEUR,0", 0 ],
    [ "A_LIKE,MUSIQUE,0", 0 ],
    [ "EST_INCLU,ALBUMS,0", 0 ],
    [ "EST_INCLU,MUSIQUE,0", 0 ],
    [ "A_CREE_MUSIQUE,ARTISTE,0", 0 ],
    [ "A_CREE_MUSIQUE,MUSIQUE,0", 0 ],
    [ "ENREGISTRE_MUSIQUE,PLAYLIST,0", 0 ],
    [ "ENREGISTRE_MUSIQUE,MUSIQUE,0", 0 ]
  ],
  "ratio": []
}
